{"cameraMode":{"drawMode":0,"name":"Shaded","section":"Shading Mode"},"sceneLighting":false,"audioPlay":false,"sceneViewState":{"showFog":true,"showMaterialUpdate":false,"showSkybox":false,"showFlares":true,"showImageEffects":true,"showParticleSystems":true},"in2DMode":false,"pivot":{"x":-0.0000010728836059570313,"y":2.343749761581421,"z":-0.0000016689300537109376},"rotation":{"x":0.2848648428916931,"y":0.014377941377460957,"z":-0.004273280501365662,"w":0.9584519267082214},"size":4.241840839385986,"orthographic":false}