{"cameraMode":{"drawMode":0,"name":"Shaded","section":"Shading Mode"},"sceneLighting":false,"audioPlay":false,"sceneViewState":{"showFog":true,"showMaterialUpdate":false,"showSkybox":false,"showFlares":true,"showImageEffects":true,"showParticleSystems":true},"in2DMode":false,"pivot":{"x":-0.0000015497207641601563,"y":2.3437485694885256,"z":0.0000036954879760742189},"rotation":{"x":0.19754673540592194,"y":-0.5724731087684631,"z":0.1440914422273636,"w":0.7831752896308899},"size":4.2418413162231449,"orthographic":false}