{"cameraMode":{"drawMode":0,"name":"Shaded","section":"Shading Mode"},"sceneLighting":true,"audioPlay":false,"sceneViewState":{"showFog":true,"showMaterialUpdate":false,"showSkybox":true,"showFlares":true,"showImageEffects":true,"showParticleSystems":true},"in2DMode":false,"pivot":{"x":510.1202392578125,"y":21.804384231567384,"z":498.8909912109375},"rotation":{"x":0.5327808260917664,"y":0.04591313377022743,"z":-0.028959929943084718,"w":0.8445162177085877},"size":10.0,"orthographic":false}