{"cameraMode":{"drawMode":0,"name":"Shaded","section":"Shading Mode"},"sceneLighting":true,"audioPlay":false,"sceneViewState":{"showFog":true,"showMaterialUpdate":false,"showSkybox":true,"showFlares":true,"showImageEffects":true,"showParticleSystems":true},"in2DMode":false,"pivot":{"x":542.4482421875,"y":1.9035120010375977,"z":502.4273376464844},"rotation":{"x":-0.0097327446565032,"y":-0.8152776956558228,"z":0.013703955337405205,"w":-0.5788319706916809},"size":9.049965858459473,"orthographic":false}