{"cameraMode":{"drawMode":0,"name":"Shaded","section":"Shading Mode"},"sceneLighting":true,"audioPlay":false,"sceneViewState":{"showFog":true,"showMaterialUpdate":false,"showSkybox":true,"showFlares":true,"showImageEffects":true,"showParticleSystems":true},"in2DMode":false,"pivot":{"x":9.612814903259278,"y":0.5,"z":11.397894859313965},"rotation":{"x":0.8547045588493347,"y":-0.011671085841953755,"z":0.019234104081988336,"w":0.518627405166626},"size":8.990090370178223,"orthographic":true}