{"cameraMode":{"drawMode":0,"name":"Shaded","section":"Shading Mode"},"sceneLighting":false,"audioPlay":false,"sceneViewState":{"showFog":true,"showMaterialUpdate":false,"showSkybox":false,"showFlares":true,"showImageEffects":true,"showParticleSystems":true},"in2DMode":false,"pivot":{"x":-0.0000020265579223632814,"y":2.3437490463256838,"z":0.0},"rotation":{"x":0.20172689855098725,"y":-0.1277073472738266,"z":0.026584265753626825,"w":0.9707354307174683},"size":4.2418389320373539,"orthographic":false}