{"cameraMode":{"drawMode":0,"name":"Shaded","section":"Shading Mode"},"sceneLighting":false,"audioPlay":false,"sceneViewState":{"showFog":true,"showMaterialUpdate":false,"showSkybox":false,"showFlares":true,"showImageEffects":true,"showParticleSystems":true},"in2DMode":false,"pivot":{"x":-0.0000020265579223632814,"y":2.3437490463256838,"z":0.0},"rotation":{"x":0.16654281318187715,"y":-0.029576875269412996,"z":0.004997654352337122,"w":0.985583484172821},"size":4.241839408874512,"orthographic":true}