{"cameraMode":{"drawMode":0,"name":"Shaded","section":"Shading Mode"},"sceneLighting":true,"audioPlay":false,"sceneViewState":{"showFog":true,"showMaterialUpdate":false,"showSkybox":true,"showFlares":true,"showImageEffects":true,"showParticleSystems":true},"in2DMode":false,"pivot":{"x":17.252946853637697,"y":3.9239442348480226,"z":5.172674655914307},"rotation":{"x":0.8547045588493347,"y":-0.011671085841953755,"z":0.019234104081988336,"w":0.518627405166626},"size":8.13704776763916,"orthographic":true}