{"cameraMode":{"drawMode":0,"name":"Shaded","section":"Shading Mode"},"sceneLighting":true,"audioPlay":false,"sceneViewState":{"showFog":true,"showMaterialUpdate":false,"showSkybox":true,"showFlares":true,"showImageEffects":true,"showParticleSystems":true},"in2DMode":false,"pivot":{"x":416.85931396484377,"y":-61.8125,"z":401.88916015625},"rotation":{"x":0.09989752620458603,"y":-0.8959259986877441,"z":0.25695842504501345,"w":0.3483138382434845},"size":415.8358154296875,"orthographic":true}