{"cameraMode":{"drawMode":0,"name":"Shaded","section":"Shading Mode"},"sceneLighting":false,"audioPlay":false,"sceneViewState":{"showFog":true,"showMaterialUpdate":false,"showSkybox":false,"showFlares":true,"showImageEffects":true,"showParticleSystems":true},"in2DMode":false,"pivot":{"x":-0.0000010728836059570313,"y":2.3437490463256838,"z":3.5762786865234377e-7},"rotation":{"x":-0.1719358116388321,"y":0.621062159538269,"z":-0.15071019530296327,"w":-0.75071120262146},"size":4.241839408874512,"orthographic":false}