{"cameraMode":{"drawMode":0,"name":"Shaded","section":"Shading Mode"},"sceneLighting":false,"audioPlay":false,"sceneViewState":{"showFog":true,"showMaterialUpdate":false,"showSkybox":false,"showFlares":true,"showImageEffects":true,"showParticleSystems":true},"in2DMode":false,"pivot":{"x":-0.00000286102294921875,"y":2.343749761581421,"z":-0.0000016689300537109376},"rotation":{"x":-0.15801140666007996,"y":0.5760684013366699,"z":-0.10391952097415924,"w":-0.7964099049568176},"size":4.241839408874512,"orthographic":false}