{"cameraMode":{"drawMode":0,"name":"Shaded","section":"Shading Mode"},"sceneLighting":false,"audioPlay":false,"sceneViewState":{"showFog":true,"showMaterialUpdate":false,"showSkybox":false,"showFlares":true,"showImageEffects":true,"showParticleSystems":true},"in2DMode":false,"pivot":{"x":0.11719140410423279,"y":2.499999523162842,"z":-1.250002384185791},"rotation":{"x":-0.2093210369348526,"y":-0.01666593737900257,"z":0.0037511391565203668,"w":-0.9777753353118897},"size":2.797542095184326,"orthographic":false}