{"cameraMode":{"drawMode":0,"name":"Shaded","section":"Shading Mode"},"sceneLighting":false,"audioPlay":false,"sceneViewState":{"showFog":true,"showMaterialUpdate":false,"showSkybox":false,"showFlares":true,"showImageEffects":true,"showParticleSystems":true},"in2DMode":false,"pivot":{"x":-0.00000286102294921875,"y":2.3500008583068849,"z":0.000013113021850585938},"rotation":{"x":0.2759553790092468,"y":-0.6497575044631958,"z":0.274633526802063,"w":0.6528803110122681},"size":4.245303630828857,"orthographic":true}