{"cameraMode":{"drawMode":0,"name":"Shaded","section":"Shading Mode"},"sceneLighting":false,"audioPlay":false,"sceneViewState":{"showFog":true,"showMaterialUpdate":false,"showSkybox":false,"showFlares":true,"showImageEffects":true,"showParticleSystems":true},"in2DMode":false,"pivot":{"x":-0.00000286102294921875,"y":2.343748092651367,"z":0.0000026226043701171877},"rotation":{"x":0.0012671431759372354,"y":0.8842540979385376,"z":0.0016985274851322175,"w":-0.4677667021751404},"size":4.24183988571167,"orthographic":false}