{"cameraMode":{"drawMode":0,"name":"Shaded","section":"Shading Mode"},"sceneLighting":false,"audioPlay":false,"sceneViewState":{"showFog":true,"showMaterialUpdate":false,"showSkybox":false,"showFlares":true,"showImageEffects":true,"showParticleSystems":true},"in2DMode":false,"pivot":{"x":2.384185791015625e-7,"y":0.15625298023223878,"z":0.1249845027923584},"rotation":{"x":-0.04056738317012787,"y":0.9879093766212463,"z":-0.1231454610824585,"w":-0.09934306144714356},"size":3.538649320602417,"orthographic":false}