{"cameraMode":{"drawMode":0,"name":"Shaded","section":"Shading Mode"},"sceneLighting":true,"audioPlay":false,"sceneViewState":{"showFog":true,"showMaterialUpdate":false,"showSkybox":true,"showFlares":true,"showImageEffects":true,"showParticleSystems":true},"in2DMode":false,"pivot":{"x":360.6465759277344,"y":78.97309875488281,"z":309.6612548828125},"rotation":{"x":0.0381903201341629,"y":-0.9443354606628418,"z":0.11848543584346771,"w":0.30455920100212099},"size":230.78472900390626,"orthographic":false}